epoch,IoU,acc,loss,lr,val_IoU,val_acc,val_loss
0,0.9084729623886966,0.9591845726782038,0.1631625594874454,0.001,0.9730520536159647,0.9765234322383486,0.06651661904721425
